A. 业务细分年度汇总—全业务,,,,,,,,,,
📌 segment_code(8个); 2026批核=生效+issue_year=2026; 合计行达成率=合计批核APE÷合计目标APE,,,,,,,,,,
业务细分,目标APE,达成率,2026批核APE,批核件数,未批核APE,未批核件数,待签APE,待签件数,合计APE,合计件数
天领业务,193000000,33.4%,64453207,191,14512265,28,390000,4,79355472,223
成事家办,70000000,11.0%,7720288,34,936000,3,0,0,8656288,37
BK业务,200000000,113.8%,227625120,196,28618200,37,0,0,256243320,233
同行经代,160000000,80.8%,129283797,299,39676600,104,12850274,32,181810671,435
永明经代,340000000,44.5%,151205024,400,19210117,55,2805000,6,173220141,461
合伙转介业务,73000000,6.1%,4465951,26,4393093,8,0,0,8859043,34
ICLUB业务,52000000,39.2%,20404812,11,0,0,0,0,20404812,11
IFA业务,25000000,0.0%,0,0,0,0,0,0,0,0
合计,1113000000,54.4%,605158199,1157,107346274,235,16045274,42,728549748,1434

B. 业务细分年度汇总—永明,,,,,,,,,,
📌 同A区 + carrier=香港永明金融有限公司,,,,,,,,,,
业务细分,目标APE,达成率,2026批核APE,批核件数,未批核APE,未批核件数,待签APE,待签件数,合计APE,合计件数
天领业务,135100000,35.0%,47293904,151,10434265,23,234000,2,57962169,176
成事家办,56000000,10.8%,6049288,29,936000,3,0,0,6985288,32
BK业务,200000000,113.8%,227625120,196,27378000,34,0,0,255003120,230
同行经代,140000000,53.5%,74841557,212,15709451,39,3614474,11,94165483,262
永明经代,340000000,44.5%,151205024,400,19210117,55,2805000,6,173220141,461
合伙转介业务,51100000,7.8%,4000164,18,4365293,6,0,0,8365457,24
ICLUB业务,36400000,1.7%,604812,6,0,0,0,0,604812,6
IFA业务,17500000,0.0%,0,0,0,0,0,0,0,0
合计,976100000,52.4%,511619869,1012,78033127,160,6653474,19,596306470,1191

C-APE. 月度预约业绩—全业务 (APE),,,,,,,,,
📌 res_ym；排除流失类,,,,,,,,,
业务细分,2026-01,2026-02,2026-03,2026-04,2026-05,2026-06,2026-07,2026-08,合计
天领业务,6673951,9730508,13350825,8852124,20966705,6433771,6340000,0,72347884
成事家办,1023000,390000,312000,2631479,2235000,819000,234000,0,7644479
BK业务,13862160,7363200,14820000,7332000,6864000,9274200,8970000,0,68485560
同行经代,6176316,4999200,15437670,23627397,28145186,37128532,24345931,0,139860232
永明经代,17009555,16059669,24761820,15677534,19734930,22956573,9084370,0,125284451
合伙转介业务,436800,79800,1963946,420091,44748,4075720,253999,0,7275104
ICLUB业务,2390000,12109200,1818813,4000000,8798,0,0,0,20326811
IFA业务,0,0,0,0,0,0,0,0,0
合计,47571782,50731577,72465074,62540625,77999367,80687796,49228300,0,441224521

C-件数. 月度预约业绩—全业务 (件数),,,,,,,,,
📌 res_ym；排除流失类,,,,,,,,,
业务细分,2026-01,2026-02,2026-03,2026-04,2026-05,2026-06,2026-07,2026-08,合计
天领业务,25,15,30,29,55,29,10,0,193
成事家办,6,1,2,14,7,4,1,0,35
BK业务,17,8,22,12,10,17,14,0,100
同行经代,15,16,51,62,90,95,69,0,398
永明经代,53,47,75,35,47,72,26,0,355
合伙转介业务,2,1,9,3,2,5,3,0,25
ICLUB业务,2,4,2,1,1,0,0,0,10
IFA业务,0,0,0,0,0,0,0,0,0
合计,120,92,191,156,212,222,123,0,1116

D-APE. 月度签单业绩—全业务 (APE),,,,,,,,,
📌 sign_ym；排除排期及流失,,,,,,,,,
业务细分,2026-01,2026-02,2026-03,2026-04,2026-05,2026-06,2026-07,2026-08,合计
天领业务,4957951,11212508,12130125,9932424,19873161,7277715,6574000,0,71957884
成事家办,1023000,390000,312000,1893479,2973000,819000,234000,0,7644479
BK业务,17138160,8377200,13260000,8502000,6864000,10444200,8970000,0,73555560
同行经代,2588316,7573200,15827670,22910057,27516726,34934644,15815344,0,127165957
永明经代,13744355,15183069,27606120,14796900,20377965,23879073,7040170,0,122627652
合伙转介业务,89809,436800,2043746,420091,44748,4075720,253999,0,7364913
ICLUB业务,2390000,12109200,1800000,18813,4008798,0,0,0,20326811
IFA业务,0,0,0,0,0,0,0,0,0
合计,41931591,55281977,72979661,58473764,81658398,81430352,38887513,0,430643256

D-件数. 月度签单业绩—全业务 (件数),,,,,,,,,
📌 sign_ym；排除排期及流失,,,,,,,,,
业务细分,2026-01,2026-02,2026-03,2026-04,2026-05,2026-06,2026-07,2026-08,合计
天领业务,23,16,27,30,47,38,8,0,189
成事家办,6,1,2,8,13,4,1,0,35
BK业务,16,10,18,14,10,20,14,0,102
同行经代,13,17,51,60,89,89,48,0,367
永明经代,43,51,78,31,50,73,24,0,350
合伙转介业务,1,2,10,3,2,5,3,0,26
ICLUB业务,2,4,1,1,2,0,0,0,10
IFA业务,0,0,0,0,0,0,0,0,0
合计,104,101,187,147,213,229,98,0,1079

E-APE. 月度批核业绩—全业务 (APE),,,,,,,,,
📌 issue_ym；仅生效,,,,,,,,,
业务细分,2026-01,2026-02,2026-03,2026-04,2026-05,2026-06,2026-07,2026-08,合计
天领业务,6761792,10518447,6294167,16601975,6022561,17112774,1141488,0,64453204
成事家办,1344687,390000,468000,1692600,2607000,477000,741000,0,7720287
BK业务,18259800,93940080,58699680,27222000,21703560,6240000,1560000,0,227625120
同行经代,41794437,5672311,5928994,15044168,25229007,25749843,9865035,0,129283795
永明经代,45962575,20312450,13530549,28835640,10849140,12472925,19241742,0,151205021
合伙转介业务,580185,897000,335546,1755000,574297,0,323920,0,4465948
ICLUB业务,2078000,12000000,499200,0,5827612,0,0,0,20404812
IFA业务,0,0,0,0,0,0,0,0,0
合计,116781476,143730288,85756136,91151383,72813177,62052542,32873185,0,605158187

E-件数. 月度批核业绩—全业务 (件数),,,,,,,,,
📌 issue_ym；仅生效,,,,,,,,,
业务细分,2026-01,2026-02,2026-03,2026-04,2026-05,2026-06,2026-07,2026-08,合计
天领业务,29,27,15,36,37,38,9,0,191
成事家办,5,2,2,6,14,2,3,0,34
BK业务,25,67,42,30,16,13,3,0,196
同行经代,36,15,22,48,59,79,40,0,299
永明经代,101,65,53,67,29,40,45,0,400
合伙转介业务,5,2,6,5,4,0,4,0,26
ICLUB业务,2,2,3,0,4,0,0,0,11
IFA业务,0,0,0,0,0,0,0,0,0
合计,203,180,143,192,163,172,104,0,1157

F-APE. 月度预约业绩—永明 (APE),,,,,,,,,
📌 res_ym；排除流失类 + carrier=香港永明金融有限公司,,,,,,,,,
业务细分,2026-01,2026-02,2026-03,2026-04,2026-05,2026-06,2026-07,2026-08,合计
天领业务,3441539,1730508,12059658,7618124,18632789,6160771,2184000,0,51827389
成事家办,1023000,390000,312000,1428479,1845000,741000,234000,0,5973479
BK业务,13862160,7363200,14820000,7332000,6084000,8814000,8970000,0,67245360
同行经代,6156004,3985200,13537207,13838872,15284076,20003647,6554035,0,79359041
永明经代,17009555,16059669,24761820,15677534,19734930,22956573,9084370,0,125284451
合伙转介业务,436800,79800,1755000,420091,44748,4056000,0,0,6792439
ICLUB业务,390000,109200,18813,0,8798,0,0,0,526811
IFA业务,0,0,0,0,0,0,0,0,0
合计,42319058,29717577,67264498,46315100,61634341,62731991,27026405,0,337008970

F-件数. 月度预约业绩—永明 (件数),,,,,,,,,
📌 res_ym；排除流失类 + carrier=香港永明金融有限公司,,,,,,,,,
业务细分,2026-01,2026-02,2026-03,2026-04,2026-05,2026-06,2026-07,2026-08,合计
天领业务,16,11,25,23,44,26,6,0,151
成事家办,6,1,2,11,6,3,1,0,30
BK业务,17,8,22,12,9,15,14,0,97
同行经代,14,12,39,38,51,50,23,0,227
永明经代,53,47,75,35,47,72,26,0,355
合伙转介业务,2,1,5,3,2,3,0,0,16
ICLUB业务,1,2,1,0,1,0,0,0,5
IFA业务,0,0,0,0,0,0,0,0,0
合计,109,82,169,122,160,169,70,0,881

G-APE. 月度签单业绩—永明 (APE),,,,,,,,,
📌 sign_ym；排除排期及流失 + carrier=香港永明金融有限公司,,,,,,,,,
业务细分,2026-01,2026-02,2026-03,2026-04,2026-05,2026-06,2026-07,2026-08,合计
天领业务,1725539,3212508,10838958,8698424,17539245,7004715,2574000,0,51593389
成事家办,1023000,390000,312000,690479,2583000,741000,234000,0,5973479
BK业务,17138160,8377200,13260000,8502000,6084000,9984000,8970000,0,72315360
同行经代,2568004,6559200,13927207,14121532,14630616,18695059,5398948,0,75900566
永明经代,13744355,15183069,27606120,14796900,20377965,23879073,7040170,0,122627652
合伙转介业务,89809,436800,1834800,420091,44748,4056000,0,0,6882248
ICLUB业务,390000,109200,0,18813,8798,0,0,0,526811
IFA业务,0,0,0,0,0,0,0,0,0
合计,36678867,34267977,67779085,47248239,61268372,64359847,24217118,0,335819505

G-件数. 月度签单业绩—永明 (件数),,,,,,,,,
📌 sign_ym；排除排期及流失 + carrier=香港永明金融有限公司,,,,,,,,,
业务细分,2026-01,2026-02,2026-03,2026-04,2026-05,2026-06,2026-07,2026-08,合计
天领业务,14,12,22,24,36,35,6,0,149
成事家办,6,1,2,5,12,3,1,0,30
BK业务,16,10,18,14,9,18,14,0,99
同行经代,12,13,39,37,51,47,18,0,217
永明经代,43,51,78,31,50,73,24,0,350
合伙转介业务,1,2,6,3,2,3,0,0,17
ICLUB业务,1,2,0,1,1,0,0,0,5
IFA业务,0,0,0,0,0,0,0,0,0
合计,93,91,165,115,161,179,63,0,867

H-APE. 月度批核业绩—永明 (APE),,,,,,,,,
📌 issue_ym；仅生效 + carrier=香港永明金融有限公司,,,,,,,,,
业务细分,2026-01,2026-02,2026-03,2026-04,2026-05,2026-06,2026-07,2026-08,合计
天领业务,5315778,2871047,3276000,14356169,5302878,15264541,907488,0,47293901
成事家办,1344687,390000,468000,912600,1794000,399000,741000,0,6049287
BK业务,18259800,93940080,58699680,27222000,21703560,6240000,1560000,0,227625120
同行经代,14650438,5652000,4431004,12814772,16599278,14117463,6576600,0,74841555
永明经代,45962575,20312450,13530549,28835640,10849140,12472925,19241742,0,151205021
合伙转介业务,569265,897000,126600,1755000,574297,0,78000,0,4000162
ICLUB业务,78000,0,499200,0,27612,0,0,0,604812
IFA业务,0,0,0,0,0,0,0,0,0
合计,86180543,124062577,81031033,85896181,56850765,48493929,29104830,0,511619858

H-件数. 月度批核业绩—永明 (件数),,,,,,,,,
📌 issue_ym；仅生效 + carrier=香港永明金融有限公司,,,,,,,,,
业务细分,2026-01,2026-02,2026-03,2026-04,2026-05,2026-06,2026-07,2026-08,合计
天领业务,23,19,11,31,28,31,8,0,151
成事家办,5,2,2,5,11,1,3,0,29
BK业务,25,67,42,30,16,13,3,0,196
同行经代,34,14,15,41,39,45,24,0,212
永明经代,101,65,53,67,29,40,45,0,400
合伙转介业务,4,2,2,5,4,0,1,0,18
ICLUB业务,1,0,3,0,2,0,0,0,6
IFA业务,0,0,0,0,0,0,0,0,0
合计,193,169,128,179,129,130,84,0,1012

I. KEY ACCOUNT 排名 TOP20 | KA Ranking,,,,,,,,,,
📌 2026批核APE降序TOP20；含未批核/待签/合计列；含合计行,,,,,,,,,,
排名,KEY ACCOUNT,业务细分,2026批核APE,批核件数,未批核APE,未批核件数,待签APE,待签件数,合计APE,合计件数
1,民生银行,BK业务,187523760,172,16918200,22,0,0,204441960,194
2,天誉国际,同行经代,42697980,91,8932807,21,1740240,7,53371028,119
3,平安银行,BK业务,40101360,24,11700000,15,0,0,51801360,39
4,唯思,同行经代,39389431,119,5765920,14,1874234,4,47029585,137
5,紫荆保险,永明经代,34905947,99,4536600,11,960000,2,40402547,112
6,天领重庆,天领业务,28281657,101,4461368,16,390000,4,33133025,121
7,利泰丰,同行经代,27818456,9,1010724,4,0,0,28829180,13
8,堡盛国际,永明经代,27183100,71,2376900,8,285000,1,29845000,80
9,万森保险,永明经代,25918064,79,3018000,5,0,0,28936064,84
10,天誉国际(MGA),同行经代,19377930,80,23967148,65,9235800,21,52580878,166
11,企鹅保险,永明经代,18857040,68,779400,3,780000,2,20416440,73
12,个人转介,ICLUB业务,18526812,9,0,0,0,0,18526812,9
13,天领深圳,天领业务,14995500,9,1560000,1,0,0,16555500,10
14,宏鑫资产,永明经代,12480000,3,0,0,0,0,12480000,3
15,天领成都,天领业务,10711648,41,4000000,2,0,0,14711648,43
16,万城保险,永明经代,8346600,12,1269052,5,0,0,9615652,17
17,中天家办,永明经代,8161368,20,4252961,12,780000,1,13194329,33
18,臻略财富,永明经代,4273560,14,2036100,5,0,0,6309660,19
19,宁波贴牌,天领业务,3939000,9,3003000,3,0,0,6942000,12
20,广西贴牌,天领业务,3324400,14,218400,2,0,0,3542800,16
合计,,,576813613,1044,99806580,214,16045274,42,692665468,1300

J. 同行推荐人分析 | Peer Referral Analysis,,,,,,,,
📌 6人：战略合作/Mark/姜通/高瑶/白博文/魏子璐；按2026批核APE降序,,,,,,,,
推荐人,2026批核APE,批核件数,未批核APE,未批核件数,待签APE,待签件数,总APE,总件数
姜通,118656465,328,37325308,102,12041040,31,168022813,461
战略合作,39389431,119,5765920,14,1874234,4,47029585,137
高瑶,26099144,81,3018000,5,0,0,29117144,86
Mark,13278000,4,0,0,0,0,13278000,4
白博文,12875223,38,6859061,18,780000,1,20514283,57
魏子璐,1880455,6,0,0,0,0,1880455,6
合计,212178718,576,52968289,139,14695274,36,279842280,751

K. 同行业绩分析 | Peer Channel Analysis,,,,,,,,
📌 segment IN(永明经代，同行经代)；按2026批核APE降序,,,,,,,,
KEY ACCOUNT,2026批核APE,批核件数,未批核APE,未批核件数,待签APE,待签件数,总APE,总件数
天誉国际,42697980,91,8932807,21,1740240,7,53371028,119
唯思,39389431,119,5765920,14,1874234,4,47029585,137
紫荆保险,34905947,99,4536600,11,960000,2,40402547,112
利泰丰,27818456,9,1010724,4,0,0,28829180,13
堡盛国际,27183100,71,2376900,8,285000,1,29845000,80
万森保险,25918064,79,3018000,5,0,0,28936064,84
天誉国际(MGA),19377930,80,23967148,65,9235800,21,52580878,166
企鹅保险,18857040,68,779400,3,780000,2,20416440,73
宏鑫资产,12480000,3,0,0,0,0,12480000,3
万城保险,8346600,12,1269052,5,0,0,9615652,17
中天家办,8161368,20,4252961,12,780000,1,13194329,33
臻略财富,4273560,14,2036100,5,0,0,6309660,19
德方集团,2340000,6,0,0,0,0,2340000,6
晋誉财富,1880455,6,0,0,0,0,1880455,6
卓樾会,1647000,3,0,0,0,0,1647000,3
龙腾财富,1446300,4,156000,2,0,0,1602300,6
富仕德,1151400,3,215104,3,0,0,1366504,6
太富,798000,1,0,0,0,0,798000,1
动力势能,570000,1,0,0,0,0,570000,1
巨蚁环球,390000,1,0,0,0,0,390000,1
共享经纪,284294,3,0,0,0,0,284294,3
钜诚保险,181080,2,0,0,0,0,181080,2
裕承资产,156000,1,570000,1,0,0,726000,2
众安国际,117000,1,0,0,0,0,117000,1
时代保险,78000,1,0,0,0,0,78000,1
香港宜达,39815,1,0,0,0,0,39815,1
合计,280488821,699,58886717,159,15655274,38,355030813,896

L-APE. 月度预约业绩—同行 (APE),,,,,,,,,
📌 res_ym；排除流失类；⭐ 按该表自身合计APE降序,,,,,,,,,
KEY ACCOUNT,2026-01,2026-02,2026-03,2026-04,2026-05,2026-06,2026-07,2026-08,合计
天誉国际,0,1774200,8903030,12321990,12298960,14718007,3354840,0,53371027
天誉国际(MGA),0,1014000,1900462,6788524,11261110,13824885,17791896,0,52580877
唯思,6078004,2211000,4151600,4516882,3480823,8585640,3199195,0,32223144
紫荆保险,4164600,5474400,7227540,5405040,6399780,1661526,1077000,0,31409886
万森保险,1324555,5313000,5461740,2702100,3301069,4485000,1536000,0,24123464
堡盛国际,5635900,546000,5181600,234000,2832000,4122300,519000,0,19070800
企鹅保险,3175500,3179100,3629940,1318500,798000,4284900,1008000,0,17393940
中天家办,0,411609,1311000,1599000,1758158,3010290,3508270,0,11598327
万城保险,0,0,1170000,3639600,3901923,684052,234000,0,9629575
臻略财富,624000,1135560,0,0,0,3294000,476100,0,5529660
利泰丰,98311,0,482577,0,1104292,0,0,0,1685180
德方集团,780000,0,780000,0,0,0,0,0,1560000
富仕德,0,0,0,456000,456000,454504,0,0,1366504
太富,798000,0,0,0,0,0,0,0,798000
裕承资产,0,0,0,156000,0,0,570000,0,726000
龙腾财富,390000,0,0,0,171000,0,156000,0,717000
动力势能,0,0,0,0,0,570000,0,0,570000
巨蚁环球,0,0,0,0,0,390000,0,0,390000
钜诚保险,0,0,0,156000,0,0,0,0,156000
共享经纪,0,0,0,11294,117000,0,0,0,128294
众安国际,117000,0,0,0,0,0,0,0,117000
合计,23185870,21058869,40199489,39304930,47880115,60085104,33430301,0,265144678

L-件数. 月度预约业绩—同行 (件数),,,,,,,,,
📌 同L-APE；行顺序跟随APE子表,,,,,,,,,
KEY ACCOUNT,2026-01,2026-02,2026-03,2026-04,2026-05,2026-06,2026-07,2026-08,合计
天誉国际,0,3,25,15,30,32,14,0,119
天誉国际(MGA),0,4,12,22,38,44,46,0,166
唯思,13,9,12,25,15,19,9,0,102
紫荆保险,15,15,21,9,15,7,3,0,85
万森保险,8,10,17,8,10,13,4,0,70
堡盛国际,14,2,13,1,7,12,2,0,51
企鹅保险,10,13,18,2,2,12,3,0,60
中天家办,0,2,4,3,6,10,7,0,32
万城保险,0,0,1,8,4,4,1,0,18
臻略财富,2,5,0,0,0,8,3,0,18
利泰丰,2,0,2,0,7,0,0,0,11
德方集团,1,0,1,0,0,0,0,0,2
富仕德,0,0,0,1,1,4,0,0,6
太富,1,0,0,0,0,0,0,0,1
裕承资产,0,0,0,1,0,0,1,0,2
龙腾财富,1,0,0,0,1,0,2,0,4
动力势能,0,0,0,0,0,1,0,0,1
巨蚁环球,0,0,0,0,0,1,0,0,1
钜诚保险,0,0,0,1,0,0,0,0,1
共享经纪,0,0,0,1,1,0,0,0,2
众安国际,1,0,0,0,0,0,0,0,1
合计,68,63,126,97,137,167,95,0,753

M-APE. 月度签单业绩—同行 (APE),,,,,,,,,
📌 sign_ym；排除排期及流失；⭐ 按该表自身合计APE降序,,,,,,,,,
KEY ACCOUNT,2026-01,2026-02,2026-03,2026-04,2026-05,2026-06,2026-07,2026-08,合计
天誉国际,0,994200,8903030,11838650,12489500,13388419,4016988,0,51630787
天誉国际(MGA),0,1014000,1900462,6788524,10286110,12939585,10416396,0,43345077
紫荆保险,3415800,5513400,8007540,4548000,6665520,2330826,117000,0,30598086
唯思,2490004,5565000,4541600,4282882,3636823,8606640,1381960,0,30504909
万森保险,856555,2349000,7526040,3898800,3472069,4485000,1536000,0,24123464
堡盛国际,4676500,1505400,5181600,234000,2052000,4356300,780000,0,18785800
企鹅保险,2086500,4268100,3629940,1318500,798000,4284900,228000,0,16613940
中天家办,0,411609,1311000,1560000,1563158,3107490,2865070,0,10818327
万城保险,0,0,1170000,2469600,5071923,606052,312000,0,9629575
臻略财富,624000,1135560,0,0,0,3294000,476100,0,5529660
利泰丰,98311,0,482577,0,1104292,0,0,0,1685180
德方集团,780000,0,780000,0,0,0,0,0,1560000
富仕德,0,0,0,456000,456000,454504,0,0,1366504
太富,798000,0,0,0,0,0,0,0,798000
裕承资产,0,0,0,156000,0,0,570000,0,726000
龙腾财富,390000,0,0,0,171000,0,156000,0,717000
动力势能,0,0,0,0,0,570000,0,0,570000
巨蚁环球,0,0,0,0,0,390000,0,0,390000
钜诚保险,0,0,0,156000,0,0,0,0,156000
共享经纪,0,0,0,0,128294,0,0,0,128294
众安国际,117000,0,0,0,0,0,0,0,117000
合计,16332670,22756269,43433789,37706956,47894689,58813716,22855514,0,249793603

M-件数. 月度签单业绩—同行 (件数),,,,,,,,,
📌 同M-APE；行顺序跟随APE子表,,,,,,,,,
KEY ACCOUNT,2026-01,2026-02,2026-03,2026-04,2026-05,2026-06,2026-07,2026-08,合计
天誉国际,0,2,24,14,31,29,12,0,112
天誉国际(MGA),0,4,12,22,36,41,30,0,145
紫荆保险,13,15,23,7,15,10,1,0,84
唯思,11,11,13,24,15,19,6,0,99
万森保险,6,8,18,10,11,13,4,0,70
堡盛国际,11,5,13,1,6,11,3,0,50
企鹅保险,7,16,18,2,2,12,1,0,58
中天家办,0,2,4,2,6,10,7,0,31
万城保险,0,0,1,6,6,3,2,0,18
臻略财富,2,5,0,0,0,8,3,0,18
利泰丰,2,0,2,0,7,0,0,0,11
德方集团,1,0,1,0,0,0,0,0,2
富仕德,0,0,0,1,1,4,0,0,6
太富,1,0,0,0,0,0,0,0,1
裕承资产,0,0,0,1,0,0,1,0,2
龙腾财富,1,0,0,0,1,0,2,0,4
动力势能,0,0,0,0,0,1,0,0,1
巨蚁环球,0,0,0,0,0,1,0,0,1
钜诚保险,0,0,0,1,0,0,0,0,1
共享经纪,0,0,0,0,2,0,0,0,2
众安国际,1,0,0,0,0,0,0,0,1
合计,56,68,129,91,139,162,72,0,717

N-APE. 月度批核业绩—同行 (APE),,,,,,,,,
📌 issue_ym；仅生效；⭐ 按该表自身合计APE降序,,,,,,,,,
KEY ACCOUNT,2026-01,2026-02,2026-03,2026-04,2026-05,2026-06,2026-07,2026-08,合计
天誉国际,0,0,1969200,7538030,16951690,11944260,4294800,0,42697980
唯思,14650438,5574000,2461804,4794164,4154019,5473203,2281800,0,39389428
紫荆保险,9072840,5985820,4548000,6977940,4080000,2755703,1485642,0,34905945
利泰丰,27143998,98311,0,482577,93568,0,0,0,27818454
堡盛国际,10228200,5635900,1179000,4782600,312000,2231400,2814000,0,27183100
万森保险,3369600,3001555,2583000,7704900,2783340,2881669,3594000,0,25918064
天誉国际(MGA),0,0,1497990,2229396,4029728,8332380,3288435,0,19377929
企鹅保险,2615100,3970800,3401940,4045200,292500,140400,4391100,0,18857040
宏鑫资产,12480000,0,0,0,0,0,0,0,12480000
万城保险,0,0,0,2064000,1236300,1626300,3420000,0,8346600
中天家办,1596000,0,411609,2481000,1155000,954158,1563600,0,8161367
臻略财富,234000,508560,1407000,0,390000,390000,1344000,0,4273560
德方集团,780000,780000,0,780000,0,0,0,0,2340000
晋誉财富,1880455,0,0,0,0,0,0,0,1880455
卓樾会,1647000,0,0,0,0,0,0,0,1647000
龙腾财富,885300,390000,0,0,171000,0,0,0,1446300
富仕德,0,0,0,0,0,912000,239400,0,1151400
太富,798000,0,0,0,0,0,0,0,798000
动力势能,0,0,0,0,0,570000,0,0,570000
巨蚁环球,0,0,0,0,0,0,390000,0,390000
共享经纪,156000,0,0,0,117000,11294,0,0,284294
钜诚保险,25080,0,0,0,156000,0,0,0,181080
裕承资产,0,0,0,0,156000,0,0,0,156000
众安国际,117000,0,0,0,0,0,0,0,117000
时代保险,78000,0,0,0,0,0,0,0,78000
香港宜达,0,39815,0,0,0,0,0,0,39815
合计,87757011,25984761,19459543,43879807,36078145,38222767,29106777,0,280488811

N-件数. 月度批核业绩—同行 (件数),,,,,,,,,
📌 同N-APE；行顺序跟随APE子表,,,,,,,,,
KEY ACCOUNT,2026-01,2026-02,2026-03,2026-04,2026-05,2026-06,2026-07,2026-08,合计
天誉国际,0,0,4,21,25,26,15,0,91
唯思,34,13,11,18,14,20,9,0,119
紫荆保险,25,21,15,17,5,12,4,0,99
利泰丰,2,2,0,2,3,0,0,0,9
堡盛国际,27,15,4,12,1,4,8,0,71
万森保险,13,10,10,16,9,10,11,0,79
天誉国际(MGA),0,0,7,7,17,33,16,0,80
企鹅保险,11,14,18,12,1,2,10,0,68
宏鑫资产,3,0,0,0,0,0,0,0,3
万城保险,0,0,0,4,3,4,1,0,12
中天家办,1,0,2,5,5,3,4,0,20
臻略财富,1,2,4,0,1,1,5,0,14
德方集团,4,1,0,1,0,0,0,0,6
晋誉财富,6,0,0,0,0,0,0,0,6
卓樾会,3,0,0,0,0,0,0,0,3
龙腾财富,2,1,0,0,1,0,0,0,4
富仕德,0,0,0,0,0,2,1,0,3
太富,1,0,0,0,0,0,0,0,1
动力势能,0,0,0,0,0,1,0,0,1
巨蚁环球,0,0,0,0,0,0,1,0,1
共享经纪,1,0,0,0,1,1,0,0,3
钜诚保险,1,0,0,0,1,0,0,0,2
裕承资产,0,0,0,0,1,0,0,0,1
众安国际,1,0,0,0,0,0,0,0,1
时代保险,1,0,0,0,0,0,0,0,1
香港宜达,0,1,0,0,0,0,0,0,1
合计,137,80,75,115,88,119,85,0,699

O. 银行业绩分析 | Bank Channel Analysis,,,,,,,,
📌 segment=BK业务；按2026批核APE降序,,,,,,,,
KEY ACCOUNT,2026批核APE,批核件数,未批核APE,未批核件数,待签APE,待签件数,总APE,总件数
民生银行,187523760,172,16918200,22,0,0,204441960,194
平安银行,40101360,24,11700000,15,0,0,51801360,39
合计,227625120,196,28618200,37,0,0,256243320,233

P-APE. 月度预约业绩—银行 (APE),,,,,,,,,
📌 res_ym；排除流失类；⭐ 按该表自身合计APE降序,,,,,,,,,
KEY ACCOUNT,2026-01,2026-02,2026-03,2026-04,2026-05,2026-06,2026-07,2026-08,合计
民生银行,6864000,3900000,10530000,4212000,4134000,3424200,4290000,0,37354200
平安银行,6998160,3463200,4290000,3120000,2730000,5850000,4680000,0,31131360
合计,13862160,7363200,14820000,7332000,6864000,9274200,8970000,0,68485560

P-件数. 月度预约业绩—银行 (件数),,,,,,,,,
📌 同P-APE；行顺序跟随APE子表,,,,,,,,,
KEY ACCOUNT,2026-01,2026-02,2026-03,2026-04,2026-05,2026-06,2026-07,2026-08,合计
民生银行,11,6,19,9,7,10,7,0,69
平安银行,6,2,3,3,3,7,7,0,31
合计,17,8,22,12,10,17,14,0,100

Q-APE. 月度签单业绩—银行 (APE),,,,,,,,,
📌 sign_ym；排除排期及流失；⭐ 按该表自身合计APE降序,,,,,,,,,
KEY ACCOUNT,2026-01,2026-02,2026-03,2026-04,2026-05,2026-06,2026-07,2026-08,合计
民生银行,6240000,4914000,8190000,5772000,3744000,4594200,4290000,0,37744200
平安银行,10898160,3463200,5070000,2730000,3120000,5850000,4680000,0,35811360
合计,17138160,8377200,13260000,8502000,6864000,10444200,8970000,0,73555560

Q-件数. 月度签单业绩—银行 (件数),,,,,,,,,
📌 同Q-APE；行顺序跟随APE子表,,,,,,,,,
KEY ACCOUNT,2026-01,2026-02,2026-03,2026-04,2026-05,2026-06,2026-07,2026-08,合计
民生银行,10,8,14,12,6,13,7,0,70
平安银行,6,2,4,2,4,7,7,0,32
合计,16,10,18,14,10,20,14,0,102

R-APE. 月度批核业绩—银行 (APE),,,,,,,,,
📌 issue_ym；仅生效；⭐ 按该表自身合计APE降序,,,,,,,,,
KEY ACCOUNT,2026-01,2026-02,2026-03,2026-04,2026-05,2026-06,2026-07,2026-08,合计
民生银行,12799800,84786000,44522400,25662000,14683560,3510000,1560000,0,187523760
平安银行,5460000,9154080,14177280,1560000,7020000,2730000,0,0,40101360
合计,18259800,93940080,58699680,27222000,21703560,6240000,1560000,0,227625120

R-件数. 月度批核业绩—银行 (件数),,,,,,,,,
📌 同R-APE；行顺序跟随APE子表,,,,,,,,,
KEY ACCOUNT,2026-01,2026-02,2026-03,2026-04,2026-05,2026-06,2026-07,2026-08,合计
民生银行,23,61,37,28,11,9,3,0,172
平安银行,2,6,5,2,5,4,0,0,24
合计,25,67,42,30,16,13,3,0,196

S-APE. 批核业绩—银行各分行 (APE),,,,,,,,,
📌 issue_ym；仅生效；行=partner；⭐ 按该表自身合计APE降序,,,,,,,,,
合作伙伴(分行),2026-01,2026-02,2026-03,2026-04,2026-05,2026-06,2026-07,2026-08,合计
民生广州分行,780000,23790000,4680000,4680000,9379560,780000,0,0,44089560
民生南京分行,2379000,18642000,780000,13026000,2028000,234000,0,0,37089000
民生上海分行,4336800,7800000,13650000,2340000,780000,780000,390000,0,30076800
民生深圳分行,0,15600000,3120000,156000,0,0,0,0,18876000
民生北京分行,1404000,7800000,7004400,1170000,0,0,0,0,17378400
平安香港分行徐艳,5460000,4680000,0,0,2730000,1170000,0,0,14040000
平安香港分行许菁,0,1950000,9360000,780000,0,780000,0,0,12870000
民生重庆分行,1170000,780000,3510000,2730000,1560000,390000,0,0,10140000
民生杭州分行,0,1170000,5850000,0,0,0,0,0,7020000
平安香港分行钟丽丽,0,2134080,4817280,0,0,0,0,0,6951360
民生香港分行梁驹团队,0,1404000,780000,0,780000,390000,780000,0,4134000
平安香港分行高凯,0,0,0,780000,3120000,0,0,0,3900000
民生嘉兴分行,0,1560000,1560000,0,0,0,0,0,3120000
民生温州分行,780000,1560000,468000,0,0,0,0,0,2808000
民生合肥分行,1560000,0,0,0,0,624000,390000,0,2574000
民生武汉分行,0,1560000,0,780000,0,0,0,0,2340000
民生贵阳分行,390000,0,1560000,0,0,0,0,0,1950000
民生厦门分行,0,0,1560000,0,0,0,0,0,1560000
民生沈阳分行,0,1560000,0,0,0,0,0,0,1560000
民生泉州分行,0,1560000,0,0,0,0,0,0,1560000
平安香港分行朱慧娟,0,390000,0,0,780000,0,0,0,1170000
平安香港分行王慧娟,0,0,0,0,0,780000,0,0,780000
民生上海分行张江支行,0,0,0,780000,0,0,0,0,780000
平安香港分行高原,0,0,0,0,390000,0,0,0,390000
民生呼和浩特分行,0,0,0,0,0,312000,0,0,312000
民生昆明分行,0,0,0,0,156000,0,0,0,156000
平安香港,0,0,0,0,0,0,0,0,0
广发香港,0,0,0,0,0,0,0,0,0
民生上海,0,0,0,0,0,0,0,0,0
民生北京,0,0,0,0,0,0,0,0,0
民生南京,0,0,0,0,0,0,0,0,0
民生合肥,0,0,0,0,0,0,0,0,0
民生天津,0,0,0,0,0,0,0,0,0
民生广州,0,0,0,0,0,0,0,0,0
民生杭州,0,0,0,0,0,0,0,0,0
民生武汉,0,0,0,0,0,0,0,0,0
民生沈阳,0,0,0,0,0,0,0,0,0
民生深圳,0,0,0,0,0,0,0,0,0
民生温州,0,0,0,0,0,0,0,0,0
民生福州,0,0,0,0,0,0,0,0,0
民生贵阳,0,0,0,0,0,0,0,0,0
民生郑州,0,0,0,0,0,0,0,0,0
民生重庆,0,0,0,0,0,0,0,0,0
民生香港,0,0,0,0,0,0,0,0,0
民生宁波,0,0,0,0,0,0,0,0,0
民生石家庄,0,0,0,0,0,0,0,0,0
民生郑州分行,0,0,0,0,0,0,0,0,0
合计,18259800,93940080,58699680,27222000,21703560,6240000,1560000,0,227625120

T-件数. 批核业绩—银行各分行 (件数),,,,,,,,,
📌 同S-APE；行顺序跟随S-APE,,,,,,,,,
合作伙伴(分行),2026-01,2026-02,2026-03,2026-04,2026-05,2026-06,2026-07,2026-08,合计
民生广州分行,1,11,6,3,3,1,0,0,25
民生南京分行,5,16,1,13,3,1,0,0,39
民生上海分行,8,7,9,4,1,2,1,0,32
民生深圳分行,0,10,2,1,0,0,0,0,13
民生北京分行,4,7,7,2,0,0,0,0,20
平安香港分行徐艳,2,1,0,0,2,1,0,0,6
平安香港分行许菁,0,3,3,1,0,2,0,0,9
民生重庆分行,2,1,3,3,1,1,0,0,11
民生杭州分行,0,2,4,0,0,0,0,0,6
平安香港分行钟丽丽,0,1,2,0,0,0,0,0,3
民生香港分行梁驹团队,0,2,1,0,2,1,1,0,7
平安香港分行高凯,0,0,0,1,1,0,0,0,2
民生嘉兴分行,0,1,1,0,0,0,0,0,2
民生温州分行,1,1,1,0,0,0,0,0,3
民生合肥分行,1,0,0,0,0,1,1,0,3
民生武汉分行,0,1,0,1,0,0,0,0,2
民生贵阳分行,1,0,1,0,0,0,0,0,2
民生厦门分行,0,0,1,0,0,0,0,0,1
民生沈阳分行,0,1,0,0,0,0,0,0,1
民生泉州分行,0,1,0,0,0,0,0,0,1
平安香港分行朱慧娟,0,1,0,0,1,0,0,0,2
平安香港分行王慧娟,0,0,0,0,0,1,0,0,1
民生上海分行张江支行,0,0,0,1,0,0,0,0,1
平安香港分行高原,0,0,0,0,1,0,0,0,1
民生呼和浩特分行,0,0,0,0,0,2,0,0,2
民生昆明分行,0,0,0,0,1,0,0,0,1
平安香港,0,0,0,0,0,0,0,0,0
广发香港,0,0,0,0,0,0,0,0,0
民生上海,0,0,0,0,0,0,0,0,0
民生北京,0,0,0,0,0,0,0,0,0
民生南京,0,0,0,0,0,0,0,0,0
民生合肥,0,0,0,0,0,0,0,0,0
民生天津,0,0,0,0,0,0,0,0,0
民生广州,0,0,0,0,0,0,0,0,0
民生杭州,0,0,0,0,0,0,0,0,0
民生武汉,0,0,0,0,0,0,0,0,0
民生沈阳,0,0,0,0,0,0,0,0,0
民生深圳,0,0,0,0,0,0,0,0,0
民生温州,0,0,0,0,0,0,0,0,0
民生福州,0,0,0,0,0,0,0,0,0
民生贵阳,0,0,0,0,0,0,0,0,0
民生郑州,0,0,0,0,0,0,0,0,0
民生重庆,0,0,0,0,0,0,0,0,0
民生香港,0,0,0,0,0,0,0,0,0
民生宁波,0,0,0,0,0,0,0,0,0
民生石家庄,0,0,0,0,0,0,0,0,0
民生郑州分行,0,0,0,0,0,0,0,0,0
合计,25,67,42,30,16,13,3,0,196

