A-APE. 阶段周追踪漏斗 (APE),,,,,,,,,,,,,,,,,,,,,,,,,,,,,
📌 预约=res_yw；签单=sign_yw；递交=submit_yw；批核=issue_yw(仅生效)；2026W01至最新周,,,,,,,,,,,,,,,,,,,,,,,,,,,,,
阶段,2026W01,2026W02,2026W03,2026W04,2026W05,2026W06,2026W07,2026W08,2026W09,2026W10,2026W11,2026W12,2026W13,2026W14,2026W15,2026W16,2026W17,2026W18,2026W19,2026W20,2026W21,2026W22,2026W23,2026W24,2026W25,2026W26,2026W27,2026W28,合计
预约,6517000,13642351,17187319,9874111,28195568,12722400,2730000,7083609,5879577,17212443,19810740,25203161,5370153,12705356,13440718,26751274,9880278,11774886,22151642,21037676,20929164,10904207,19576687,16792926,26208526,14142209,22831065,20318474,440873520
签单,2633809,10231935,12697036,11540611,31284368,12847600,3772800,7377209,4229790,11081069,18478001,26244490,15832311,6597205,14411448,18134684,16858368,13244900,20333390,14816427,32849742,11536652,12292687,18961326,26137426,19483109,10881455,21025210,425815058
递交,9956700,7797200,10945151,16190228,31581271,14361508,0,4014000,10897799,9828329,11166923,14228830,35991438,4156677,12332619,15454891,22932928,6792840,6940617,17482788,25311118,34405545,11124937,10255800,22818946,24512225,15424009,17645165,424550482
批核,18039303,46349776,29206726,20065672,29969720,39454447,7259039,67047083,15836380,11115609,41560279,7943344,15722324,12380400,24322911,24574707,23490564,8410255,15889970,20388163,28085788,12469869,12000490,15444022,19279536,11189625,17623831,6918355,602038188

A-件数. 阶段周追踪漏斗 (件数),,,,,,,,,,,,,,,,,,,,,,,,,,,,,
📌 同A-APE；值为件数,,,,,,,,,,,,,,,,,,,,,,,,,,,,,
阶段,2026W01,2026W02,2026W03,2026W04,2026W05,2026W06,2026W07,2026W08,2026W09,2026W10,2026W11,2026W12,2026W13,2026W14,2026W15,2026W16,2026W17,2026W18,2026W19,2026W20,2026W21,2026W22,2026W23,2026W24,2026W25,2026W26,2026W27,2026W28,合计
预约,16,36,35,31,32,30,8,22,25,48,40,62,21,34,45,52,22,43,61,47,57,39,49,38,71,43,56,51,1114
签单,7,19,40,36,36,25,11,29,14,33,44,67,38,19,39,52,32,25,62,56,66,47,36,44,67,55,35,43,1077
递交,12,15,32,45,40,29,0,17,35,27,27,42,87,13,34,48,43,25,25,58,59,76,40,27,58,57,54,39,1064
批核,63,52,58,29,58,51,10,61,33,28,36,11,56,24,59,45,44,31,42,46,43,31,45,31,50,41,49,29,1156

B-APE. 周度预约业绩 (APE),,,,,,,,,,,,,,,,,,,,,,,,,,,,,
📌 res_yw；status NOT IN(失效/退保/取消投保/搁置受保/取消预约),,,,,,,,,,,,,,,,,,,,,,,,,,,,,
业务细分,2026W01,2026W02,2026W03,2026W04,2026W05,2026W06,2026W07,2026W08,2026W09,2026W10,2026W11,2026W12,2026W13,2026W14,2026W15,2026W16,2026W17,2026W18,2026W19,2026W20,2026W21,2026W22,2026W23,2026W24,2026W25,2026W26,2026W27,2026W28,合计
天领业务,156000,1170011,2695939,2301000,5326508,3702000,624000,78000,129987,954167,4095000,6560971,2234700,0,3182124,4352400,693600,1481127,7043400,9097093,2565084,1277417,1170000,741000,3258496,766856,5482000,858000,71996880
成事家办,867000,0,156000,0,390000,0,0,0,0,234000,0,78000,0,594600,1220879,816000,0,0,2235000,0,0,429000,0,0,390000,0,234000,0,7644479
BK业务,2340000,3694080,6034080,1794000,4290000,3073200,0,0,2340000,5460000,4290000,2730000,0,5226000,390000,1716000,1170000,390000,1014000,780000,3510000,1170000,3354000,780000,3970200,780000,5460000,2730000,68485560
同行经代,234000,952504,3975000,1014811,780000,1251600,1482000,1485600,1263990,1956490,4259400,6724849,1310940,1949364,5145214,14286140,2168678,5123700,6935792,5296914,10710780,4990590,9866835,9354600,7024819,9966448,8366196,11982974,139860228
永明经代,2920000,5435755,4326300,4327500,5409060,4586400,624000,5440209,2145600,7842840,7088340,6188340,1805700,4905300,3502500,5580734,1458000,4780058,4869903,5863669,4143300,3037200,5107852,5917326,7567290,2628904,3034870,4747500,125284450
合伙转介业务,0,0,0,436800,0,0,0,79800,0,764946,78000,1121000,0,30091,0,0,390000,0,44748,0,0,0,78000,0,3997720,0,253999,0,7275104
ICLUB业务,0,2390000,0,0,12000000,109200,0,0,0,0,0,1800000,18813,0,0,0,4000000,0,8798,0,0,0,0,0,0,0,0,0,20326811
IFA业务,0,0,0,0,0,0,0,0,0,0,0,0,0,0,0,0,0,0,0,0,0,0,0,0,0,0,0,0,0
合计,6517000,13642350,17187319,9874111,28195568,12722400,2730000,7083609,5879577,17212443,19810740,25203160,5370153,12705355,13440717,26751274,9880278,11774885,22151641,21037676,20929164,10904207,19576687,16792926,26208525,14142208,22831065,20318474,440873512

B-件数. 周度预约业绩 (件数),,,,,,,,,,,,,,,,,,,,,,,,,,,,,
📌 res_yw；status NOT IN(失效/退保/取消投保/搁置受保/取消预约),,,,,,,,,,,,,,,,,,,,,,,,,,,,,
业务细分,2026W01,2026W02,2026W03,2026W04,2026W05,2026W06,2026W07,2026W08,2026W09,2026W10,2026W11,2026W12,2026W13,2026W14,2026W15,2026W16,2026W17,2026W18,2026W19,2026W20,2026W21,2026W22,2026W23,2026W24,2026W25,2026W26,2026W27,2026W28,合计
天领业务,1,8,9,5,4,7,3,1,3,3,5,14,7,0,12,10,5,19,14,9,12,7,4,3,9,7,6,4,191
成事家办,4,0,2,0,1,0,0,0,0,1,0,1,0,3,4,7,0,0,7,0,0,3,0,0,1,0,1,0,35
BK业务,3,4,6,4,6,2,0,0,5,4,8,5,0,7,1,4,1,1,2,1,5,1,7,2,7,1,9,4,100
同行经代,1,4,5,5,4,4,3,5,7,10,10,19,6,12,21,19,9,13,26,21,29,19,22,14,27,25,25,33,398
永明经代,7,18,13,15,15,15,2,15,10,25,16,19,7,10,7,12,5,10,9,16,11,9,15,19,23,10,12,10,355
合伙转介业务,0,0,0,2,0,0,0,1,0,5,1,3,0,2,0,0,1,0,2,0,0,0,1,0,4,0,3,0,25
ICLUB业务,0,2,0,0,2,2,0,0,0,0,0,1,1,0,0,0,1,0,1,0,0,0,0,0,0,0,0,0,10
IFA业务,0,0,0,0,0,0,0,0,0,0,0,0,0,0,0,0,0,0,0,0,0,0,0,0,0,0,0,0,0
合计,16,36,35,31,32,30,8,22,25,48,40,62,21,34,45,52,22,43,61,47,57,39,49,38,71,43,56,51,1114

C-APE. 周度签单业绩 (APE),,,,,,,,,,,,,,,,,,,,,,,,,,,,,
📌 sign_yw；status NOT IN(排期/失效/退保/取消投保/搁置受保/取消预约),,,,,,,,,,,,,,,,,,,,,,,,,,,,,
业务细分,2026W01,2026W02,2026W03,2026W04,2026W05,2026W06,2026W07,2026W08,2026W09,2026W10,2026W11,2026W12,2026W13,2026W14,2026W15,2026W16,2026W17,2026W18,2026W19,2026W20,2026W21,2026W22,2026W23,2026W24,2026W25,2026W26,2026W27,2026W28,合计
天领业务,195000,0,2021951,2741000,5287508,2755000,234000,2936000,78000,780000,4360154,2964000,4415971,1326000,1870124,5325100,943200,319800,6104445,3020682,10428233,1809362,468000,1014000,2244496,1741856,624000,5950000,71957882
成事家办,399000,468000,78000,78000,0,0,390000,0,0,0,0,312000,0,132600,245879,1437000,234000,582000,1248000,588000,399000,234000,78000,117000,390000,0,0,234000,7644479
BK业务,780000,3694080,5254080,2730000,2184000,5803200,390000,0,1950000,1950000,4680000,2730000,3510000,156000,4290000,1950000,546000,2340000,1170000,1014000,2340000,1170000,2964000,2340000,3190200,3120000,2340000,4290000,68875560
同行经代,156000,234000,1108504,1089811,3978000,1193400,604200,1797600,1263990,1443000,2796890,8854849,2248940,1014000,5225457,3638670,12509868,1815100,6734622,5871824,12837240,5135190,3598335,11038800,10550419,8472748,5426496,6528000,127165953
永明经代,1014000,3445855,4234500,4901800,7398060,3096000,2045400,2643609,858000,6787140,5996940,10184640,3857400,3953700,2764800,5765100,2235300,4188000,5022775,4321920,6845269,3188100,5106352,4451526,9664590,2248504,2236960,4023210,122479450
合伙转介业务,89809,0,0,0,436800,0,0,0,79800,120929,644016,1199000,0,14905,15186,0,390000,0,44748,0,0,0,78000,0,97720,3900000,253999,0,7364912
ICLUB业务,0,2390000,0,0,12000000,0,109200,0,0,0,0,0,1800000,0,0,18813,0,4000000,8798,0,0,0,0,0,0,0,0,0,20326811
IFA业务,0,0,0,0,0,0,0,0,0,0,0,0,0,0,0,0,0,0,0,0,0,0,0,0,0,0,0,0,0
合计,2633809,10231935,12697035,11540611,31284368,12847600,3772800,7377209,4229790,11081069,18478000,26244489,15832311,6597205,14411446,18134683,16858368,13244900,20333388,14816426,32849742,11536652,12292687,18961326,26137425,19483108,10881455,21025210,425815047

C-件数. 周度签单业绩 (件数),,,,,,,,,,,,,,,,,,,,,,,,,,,,,
📌 sign_yw；status NOT IN(排期/失效/退保/取消投保/搁置受保/取消预约),,,,,,,,,,,,,,,,,,,,,,,,,,,,,
业务细分,2026W01,2026W02,2026W03,2026W04,2026W05,2026W06,2026W07,2026W08,2026W09,2026W10,2026W11,2026W12,2026W13,2026W14,2026W15,2026W16,2026W17,2026W18,2026W19,2026W20,2026W21,2026W22,2026W23,2026W24,2026W25,2026W26,2026W27,2026W28,合计
天领业务,1,0,15,7,4,3,1,8,1,1,8,9,11,2,8,13,4,4,21,13,9,16,1,5,5,11,2,6,189
成事家办,1,3,1,1,0,0,1,0,0,0,0,2,0,1,2,4,3,4,4,2,1,1,1,1,1,0,0,1,35
BK业务,1,3,5,6,4,5,1,0,4,2,4,5,6,1,4,4,2,4,2,2,2,3,6,4,5,6,3,7,101
同行经代,1,1,6,5,5,5,1,6,5,5,12,22,9,8,14,20,18,4,23,23,37,17,13,20,24,26,18,19,367
永明经代,2,10,13,17,19,12,5,15,3,23,17,25,11,6,10,10,4,8,9,16,17,10,14,14,29,11,9,10,349
合伙转介业务,1,0,0,0,2,0,0,0,1,2,3,4,0,1,1,0,1,0,2,0,0,0,1,0,3,1,3,0,26
ICLUB业务,0,2,0,0,2,0,2,0,0,0,0,0,1,0,0,1,0,1,1,0,0,0,0,0,0,0,0,0,10
IFA业务,0,0,0,0,0,0,0,0,0,0,0,0,0,0,0,0,0,0,0,0,0,0,0,0,0,0,0,0,0
合计,7,19,40,36,36,25,11,29,14,33,44,67,38,19,39,52,32,25,62,56,66,47,36,44,67,55,35,43,1077

D-APE. 周度批核业绩 (APE),,,,,,,,,,,,,,,,,,,,,,,,,,,,,
📌 issue_yw；仅status=生效,,,,,,,,,,,,,,,,,,,,,,,,,,,,,
业务细分,2026W01,2026W02,2026W03,2026W04,2026W05,2026W06,2026W07,2026W08,2026W09,2026W10,2026W11,2026W12,2026W13,2026W14,2026W15,2026W16,2026W17,2026W18,2026W19,2026W20,2026W21,2026W22,2026W23,2026W24,2026W25,2026W26,2026W27,2026W28,合计
天领业务,2421003,2273778,1131003,936007,3755000,5608400,9539,1145508,1624000,2028000,2000000,0,915167,3067000,697776,3518430,9084768,1056900,342084,2717178,1867398,5226000,2598277,8684278,345477,570741,322488,507000,64453200
成事家办,0,0,486687,858000,78000,312000,0,0,468000,0,0,0,0,234000,366600,78000,1014000,273000,801000,852000,681000,0,0,0,399000,312000,507000,0,7720287
BK业务,1950000,3361800,8034000,1794000,17160000,27952080,1950000,46878000,10417680,4680000,35958000,5850000,2184000,4290000,7644000,11778000,3120000,1950000,3295560,2340000,14118000,1560000,780000,780000,2808000,312000,1560000,0,224505120
同行经代,3136743,30872398,5724295,2061000,1206000,488311,3354000,624000,448500,1368600,1569750,490744,4332600,1601000,3109394,3368277,4684296,4003950,10231666,3851384,7142006,3434900,5340678,2712864,12564900,4186500,5330700,2044335,129283791
永明经代,10520100,9529800,11585820,14326855,7263720,4703655,1945500,6399575,2722200,3039009,1831800,1602600,7344540,3188400,12427140,4623000,5587500,1111500,656640,6627600,2453400,2248969,3281534,3266880,3162158,5730383,9903642,4121100,151205020
合伙转介业务,11456,234000,244920,89809,507000,390000,0,0,46800,0,200729,0,556017,0,78000,1209000,0,14905,544206,0,15186,0,0,0,0,78000,0,245920,4465948
ICLUB业务,0,78000,2000000,0,0,0,0,12000000,109200,0,0,0,390000,0,0,0,0,0,18813,4000000,1808798,0,0,0,0,0,0,0,20404811
IFA业务,0,0,0,0,0,0,0,0,0,0,0,0,0,0,0,0,0,0,0,0,0,0,0,0,0,0,0,0,0
合计,18039302,46349776,29206725,20065671,29969720,39454446,7259039,67047083,15836380,11115609,41560279,7943344,15722324,12380400,24322910,24574707,23490564,8410255,15889969,20388162,28085788,12469869,12000489,15444022,19279535,11189624,17623830,6918355,602038177

D-件数. 周度批核业绩 (件数),,,,,,,,,,,,,,,,,,,,,,,,,,,,,
📌 issue_yw；仅status=生效,,,,,,,,,,,,,,,,,,,,,,,,,,,,,
业务细分,2026W01,2026W02,2026W03,2026W04,2026W05,2026W06,2026W07,2026W08,2026W09,2026W10,2026W11,2026W12,2026W13,2026W14,2026W15,2026W16,2026W17,2026W18,2026W19,2026W20,2026W21,2026W22,2026W23,2026W24,2026W25,2026W26,2026W27,2026W28,合计
天领业务,13,7,6,3,11,8,1,7,5,4,2,0,7,3,8,7,16,7,5,13,11,7,13,9,6,5,4,3,191
成事家办,0,0,3,2,1,1,0,0,2,0,0,0,0,1,2,1,2,2,6,3,3,0,0,0,1,2,2,0,34
BK业务,3,5,11,5,14,21,2,30,8,7,19,5,4,4,10,12,3,3,5,3,5,2,2,1,6,2,3,0,195
同行经代,13,11,8,4,7,3,2,3,2,4,5,3,16,5,13,11,11,14,19,13,13,15,20,11,28,15,18,12,299
永明经代,33,27,27,14,24,17,5,19,13,13,7,3,24,11,25,12,12,4,4,13,8,7,10,10,9,16,22,11,400
合伙转介业务,1,1,2,1,1,1,0,0,1,0,3,0,4,0,1,2,0,1,2,0,1,0,0,0,0,1,0,3,26
ICLUB业务,0,1,1,0,0,0,0,2,2,0,0,0,1,0,0,0,0,0,1,1,2,0,0,0,0,0,0,0,11
IFA业务,0,0,0,0,0,0,0,0,0,0,0,0,0,0,0,0,0,0,0,0,0,0,0,0,0,0,0,0,0
合计,63,52,58,29,58,51,10,61,33,28,36,11,56,24,59,45,44,31,42,46,43,31,45,31,50,41,49,29,1156

E-APE. 未批核与待签分布—常规 (APE) | Pending & Waiting Distribution,,,,,,,,,,,,
📌 status IN(尚欠/已签/pending/待批核/排期)；is_pf=0(常规)；列=sign_ym(2025-08起)；⭐ 按该表自身合计APE降序,,,,,,,,,,,,
KEY ACCOUNT,2025-08,2025-10,2025-11,2025-12,2026-02,2026-03,2026-04,2026-05,2026-06,2026-07,2026-08,合计
天誉国际(MGA),0,0,0,0,78000,207472,1131000,5655780,6751500,19379196,0,33202948
天誉国际,0,0,0,0,0,0,234000,2028000,3355819,4762728,292500,10673047
民生银行,0,0,0,0,1560000,780000,780000,0,1708200,4290000,0,9118200
唯思,0,0,0,0,0,0,18119,0,4365840,3256195,0,7640154
紫荆保险,0,0,0,0,0,1068600,0,2683500,667500,687000,390000,5496600
中天家办,0,0,0,0,0,0,0,0,1387890,3645070,0,5032960
天领重庆,0,0,0,0,0,0,234000,273000,1848367,2496000,0,4851367
平安银行,0,0,0,0,0,0,0,780000,780000,2340000,0,3900000
懿丰家族,0,0,0,0,0,0,0,0,3900000,0,0,3900000
万森保险,0,0,0,0,0,0,0,780000,1248000,990000,0,3018000
宁波贴牌,0,0,0,0,0,1833000,0,390000,780000,0,0,3003000
堡盛国际,0,0,0,546000,0,0,0,0,1284900,831000,0,2661900
臻略财富,0,0,0,0,0,0,0,0,1560000,476100,0,2036100
天领深圳,0,0,0,0,0,0,0,0,1560000,0,0,1560000
企鹅保险,0,0,0,0,0,0,0,0,551400,1008000,0,1559400
万城保险,0,0,0,0,0,0,0,390000,567052,312000,0,1269052
利泰丰,0,0,0,0,0,0,0,1010724,0,0,0,1010724
武汉贴牌,0,0,0,0,0,0,0,0,411496,468000,0,879496
裕承资产,0,0,0,0,0,0,0,0,0,570000,0,570000
杨洪美,0,0,0,0,0,0,0,468000,0,0,0,468000
苏州贴牌,0,0,0,0,0,0,0,0,390000,0,0,390000
迪岸,342544,0,0,0,0,0,0,0,0,0,0,342544
刘微,0,0,0,0,0,0,0,234000,0,0,0,234000
杨帆,0,0,0,0,0,0,0,0,0,234000,0,234000
广西贴牌,0,0,0,0,0,0,0,218400,0,0,0,218400
富仕德,0,0,0,0,0,0,0,0,215104,0,0,215104
龙腾财富,0,0,0,0,0,0,0,0,0,156000,0,156000
总部职能,0,0,0,0,0,0,0,44748,78000,0,0,122748
励欧移民,0,0,0,0,0,0,0,0,0,27799,0,27799
合计,342544,0,0,546000,1638000,3889072,2397119,14956152,33411068,45929088,682500,103791543

E-件数. 未批核与待签分布—常规 (件数),,,,,,,,,,,,
📌 同E-APE；行顺序跟随APE子表,,,,,,,,,,,,
KEY ACCOUNT,2025-08,2025-10,2025-11,2025-12,2026-02,2026-03,2026-04,2026-05,2026-06,2026-07,2026-08,合计
天誉国际(MGA),0,0,0,0,1,3,3,14,17,48,0,86
天誉国际,0,0,0,0,0,0,1,2,8,16,1,28
民生银行,0,0,0,0,1,2,1,0,5,7,0,16
唯思,0,0,0,0,0,0,2,0,6,10,0,18
紫荆保险,0,0,0,0,0,3,0,4,3,2,1,13
中天家办,0,0,0,0,0,0,0,0,5,8,0,13
天领重庆,0,0,0,0,0,0,1,2,8,9,0,20
平安银行,0,0,0,0,0,0,0,1,1,4,0,6
懿丰家族,0,0,0,0,0,0,0,0,1,0,0,1
万森保险,0,0,0,0,0,0,0,1,2,2,0,5
宁波贴牌,0,0,0,0,0,1,0,1,1,0,0,3
堡盛国际,0,0,0,1,0,0,0,0,5,3,0,9
臻略财富,0,0,0,0,0,0,0,0,2,3,0,5
天领深圳,0,0,0,0,0,0,0,0,1,0,0,1
企鹅保险,0,0,0,0,0,0,0,0,2,3,0,5
万城保险,0,0,0,0,0,0,0,1,2,2,0,5
利泰丰,0,0,0,0,0,0,0,4,0,0,0,4
武汉贴牌,0,0,0,0,0,0,0,0,2,1,0,3
裕承资产,0,0,0,0,0,0,0,0,0,1,0,1
杨洪美,0,0,0,0,0,0,0,1,0,0,0,1
苏州贴牌,0,0,0,0,0,0,0,0,1,0,0,1
迪岸,2,0,0,0,0,0,0,0,0,0,0,2
刘微,0,0,0,0,0,0,0,1,0,0,0,1
杨帆,0,0,0,0,0,0,0,0,0,1,0,1
广西贴牌,0,0,0,0,0,0,0,2,0,0,0,2
富仕德,0,0,0,0,0,0,0,0,3,0,0,3
龙腾财富,0,0,0,0,0,0,0,0,0,2,0,2
总部职能,0,0,0,0,0,0,0,2,1,0,0,3
励欧移民,0,0,0,0,0,0,0,0,0,2,0,2
合计,2,0,0,1,2,9,8,36,76,124,2,260

F-APE. 未批核与待签分布—融资 (APE) | Pending & Waiting Distribution,,,,,,,,,,,,
📌 status IN(尚欠/已签/pending/待批核/排期)；is_pf=1(融资)；列=sign_ym(2025-08起)；⭐ 按该表自身合计APE降序,,,,,,,,,,,,
KEY ACCOUNT,2025-08,2025-10,2025-11,2025-12,2026-02,2026-03,2026-04,2026-05,2026-06,2026-07,2026-08,合计
平安银行,0,780000,0,0,0,0,0,0,4680000,2340000,0,7800000
民生银行,0,1560000,3900000,780000,0,0,0,1560000,0,0,0,7800000
天领成都,0,0,0,0,0,0,0,0,0,4000000,0,4000000
合计,0,2340000,3900000,780000,0,0,0,1560000,4680000,6340000,0,19600000

F-件数. 未批核与待签分布—融资 (件数),,,,,,,,,,,,
📌 同F-APE；行顺序跟随APE子表,,,,,,,,,,,,
KEY ACCOUNT,2025-08,2025-10,2025-11,2025-12,2026-02,2026-03,2026-04,2026-05,2026-06,2026-07,2026-08,合计
平安银行,0,1,0,0,0,0,0,0,5,3,0,9
民生银行,0,1,3,1,0,0,0,1,0,0,0,6
天领成都,0,0,0,0,0,0,0,0,0,2,0,2
合计,0,2,3,1,0,0,0,1,5,5,0,17

G. 签批时效分析—2026批核 | TAT Analysis,,,,,,,
📌 status=生效 AND issue_year=2026；TAT=issue_date-sign_date(天)；SLA达标率=COUNT(tat≤60)/COUNT(*),,,,,,,
业务细分,件数,件均APE,平均时效(天),中位时效(天),P90时效(天),最大时效(天),SLA达标率≤60
天领业务,191,337451,19.7,17.0,38.0,125,99.5%
成事家办,34,227067,22.2,14.0,34.9,166,94.1%
BK业务,196,1161353,71.8,73.5,145.0,220,47.4%
同行经代,299,432387,21.3,18.0,38.0,104,97.3%
永明经代,400,378013,22.3,20.0,38.0,107,97.0%
合伙转介业务,26,171767,28.7,20.0,36.5,244,96.2%
ICLUB业务,11,1854983,23.7,14.0,59.0,76,90.9%
IFA业务,0,,,,,,
合计,1157,523041,30.2,20.0,72.0,244,88.9%

H. 签批时效分档—2026批核 | TAT Buckets,,,,
📌 分档：≤7天/8-14天/15-30天/31-60天/61-90天/>90天；status=生效 AND issue_year=2026,,,,
时效分档,件数,APE,件数占比,APE占比
≤7天,123,35355824,10.6%,5.8%
8-14天,258,86786703,22.3%,14.3%
15-30天,454,185181704,39.2%,30.6%
31-60天,193,101149378,16.7%,16.7%
61-90天,44,69783304,3.8%,11.5%
>90天,84,126725786,7.3%,20.9%
合计,1157,605158199,100.0%,100.0%

J-APE. 周度预约业绩—同行 (APE),,,,,,,,,,,,,,,,,,,,,,,,,,,,,
📌 res_yw；排除流失类；⭐ 按该表自身合计APE降序,,,,,,,,,,,,,,,,,,,,,,,,,,,,,
KEY ACCOUNT,2026W01,2026W02,2026W03,2026W04,2026W05,2026W06,2026W07,2026W08,2026W09,2026W10,2026W11,2026W12,2026W13,2026W14,2026W15,2026W16,2026W17,2026W18,2026W19,2026W20,2026W21,2026W22,2026W23,2026W24,2026W25,2026W26,2026W27,2026W28,合计
天誉国际,0,0,0,0,0,604200,1170000,0,429000,901490,3300000,3078600,1193940,117000,711000,9786590,1707400,4004700,2623000,2965260,2706000,1555200,3588000,4869600,2095819,2702988,1723800,1537440,53371027
天誉国际(MGA),0,0,0,0,0,78000,0,936000,483990,78000,351000,948472,117000,546000,2997696,3056550,110278,663000,2818000,1071330,6630780,1296750,3422835,2535000,3423000,6459900,6012996,8544300,52580877
唯思,234000,952504,3975000,916500,780000,569400,312000,549600,351000,977000,608400,2215200,0,1286364,1436518,1443000,351000,456000,621223,1029600,1374000,2138640,2856000,1950000,1506000,803560,629400,1901234,32223143
紫荆保险,78000,1902600,975000,1209000,2486400,1896000,234000,858000,0,2394600,2976000,998940,858000,2184000,570000,2651040,0,3607500,811980,741000,1239300,1008000,78000,185526,390000,0,117000,960000,31409886
万森保险,0,406255,165300,753000,1491000,234000,0,3588000,234000,1982700,590340,2535000,314700,1473000,585000,278100,171000,23400,507000,1990669,780000,456000,1482000,351000,1416000,1692000,624000,0,24123464
堡盛国际,2044000,1602900,1716000,273000,0,273000,0,273000,1014000,1935600,1377000,570000,285000,0,234000,0,0,0,0,1740000,1092000,763800,1072500,1428000,858000,234000,285000,0,19070800
企鹅保险,0,627000,456000,2092500,752100,1727400,390000,309600,897600,959940,195000,1577400,0,1026000,292500,0,0,0,0,0,798000,0,1128300,343200,2501400,312000,228000,780000,17393940
中天家办,0,0,0,0,0,0,0,411609,0,570000,0,507000,234000,0,1170000,390000,39000,588158,0,936000,234000,0,780000,705600,1387890,136800,1051270,2457000,11598327
万城保险,0,0,0,0,0,0,0,0,0,0,1170000,0,114000,66300,195000,2094300,1248000,390000,3433923,0,0,0,99052,39000,468000,78000,0,234000,9629575
臻略财富,0,0,624000,0,679560,456000,0,0,0,0,0,0,0,0,0,0,0,0,0,0,0,0,468000,2475000,351000,0,159600,316500,5529660
利泰丰,0,0,0,98311,0,0,0,0,0,0,0,482577,0,0,0,0,0,0,873568,230724,0,0,0,0,0,0,0,0,1685180
德方集团,0,780000,0,0,0,0,0,0,0,0,780000,0,0,0,0,0,0,0,0,0,0,0,0,0,0,0,0,0,1560000
富仕德,0,0,0,0,0,0,0,0,0,0,0,0,0,0,456000,0,0,0,0,456000,0,239400,0,0,195000,20104,0,0,1366504
太富,798000,0,0,0,0,0,0,0,0,0,0,0,0,0,0,0,0,0,0,0,0,0,0,0,0,0,0,0,798000
裕承资产,0,0,0,0,0,0,0,0,0,0,0,0,0,0,0,156000,0,0,0,0,0,0,0,0,0,0,570000,0,726000
龙腾财富,0,0,390000,0,0,0,0,0,0,0,0,0,0,0,0,0,0,171000,0,0,0,0,0,0,0,156000,0,0,717000
动力势能,0,0,0,0,0,0,0,0,0,0,0,0,0,0,0,0,0,0,0,0,0,570000,0,0,0,0,0,0,570000
巨蚁环球,0,0,0,0,0,0,0,0,0,0,0,0,0,0,0,0,0,0,0,0,0,0,0,390000,0,0,0,0,390000
钜诚保险,0,0,0,0,0,0,0,0,0,0,0,0,0,156000,0,0,0,0,0,0,0,0,0,0,0,0,0,0,156000
共享经纪,0,0,0,0,0,0,0,0,0,0,0,0,0,0,0,11294,0,0,117000,0,0,0,0,0,0,0,0,0,128294
众安国际,0,117000,0,0,0,0,0,0,0,0,0,0,0,0,0,0,0,0,0,0,0,0,0,0,0,0,0,0,117000
合计,3154000,6388259,8301300,5342311,6189060,5838000,2106000,6925809,3409590,9799330,11347740,12913189,3116640,6854664,8647714,19866874,3626678,9903758,11805694,11160583,14854080,8027790,14974687,15271926,14592109,12595352,11401066,16730474,265144677

J-件数. 周度预约业绩—同行 (件数),,,,,,,,,,,,,,,,,,,,,,,,,,,,,
📌 同J-APE；行顺序跟随APE子表,,,,,,,,,,,,,,,,,,,,,,,,,,,,,
KEY ACCOUNT,2026W01,2026W02,2026W03,2026W04,2026W05,2026W06,2026W07,2026W08,2026W09,2026W10,2026W11,2026W12,2026W13,2026W14,2026W15,2026W16,2026W17,2026W18,2026W19,2026W20,2026W21,2026W22,2026W23,2026W24,2026W25,2026W26,2026W27,2026W28,合计
天誉国际,0,0,0,0,0,1,2,0,2,5,6,8,4,1,2,8,4,8,5,9,8,6,6,6,10,5,6,7,119
天誉国际(MGA),0,0,0,0,0,1,0,3,3,1,1,6,2,5,7,6,3,4,11,6,16,6,11,7,13,15,17,22,166
唯思,1,4,5,3,4,2,1,2,2,4,3,3,0,6,12,5,2,1,6,3,5,7,5,1,4,5,2,4,102
紫荆保险,1,6,4,4,5,6,1,3,0,9,4,6,2,4,1,4,0,4,3,3,5,2,1,3,1,0,1,2,85
万森保险,0,3,2,3,4,1,0,5,2,5,4,5,2,3,1,2,1,1,3,5,1,2,3,2,5,2,3,0,70
堡盛国际,5,5,3,1,0,1,0,1,3,4,4,1,1,0,1,0,0,0,0,5,2,3,2,4,3,1,1,0,51
企鹅保险,0,2,1,7,3,5,1,4,5,6,2,5,0,1,1,0,0,0,0,0,2,0,5,1,5,1,1,2,60
中天家办,0,0,0,0,0,0,0,2,0,1,0,2,1,0,1,1,1,3,0,2,1,0,1,3,5,1,4,3,32
万城保险,0,0,0,0,0,0,0,0,0,0,1,0,1,1,1,3,3,1,2,0,0,0,1,1,1,1,0,1,18
臻略财富,0,0,2,0,3,2,0,0,0,0,0,0,0,0,0,0,0,0,0,0,0,0,2,4,2,0,1,2,18
利泰丰,0,0,0,2,0,0,0,0,0,0,0,2,0,0,0,0,0,0,4,3,0,0,0,0,0,0,0,0,11
德方集团,0,1,0,0,0,0,0,0,0,0,1,0,0,0,0,0,0,0,0,0,0,0,0,0,0,0,0,0,2
富仕德,0,0,0,0,0,0,0,0,0,0,0,0,0,0,1,0,0,0,0,1,0,1,0,0,1,2,0,0,6
太富,1,0,0,0,0,0,0,0,0,0,0,0,0,0,0,0,0,0,0,0,0,0,0,0,0,0,0,0,1
裕承资产,0,0,0,0,0,0,0,0,0,0,0,0,0,0,0,1,0,0,0,0,0,0,0,0,0,0,1,0,2
龙腾财富,0,0,1,0,0,0,0,0,0,0,0,0,0,0,0,0,0,1,0,0,0,0,0,0,0,2,0,0,4
动力势能,0,0,0,0,0,0,0,0,0,0,0,0,0,0,0,0,0,0,0,0,0,1,0,0,0,0,0,0,1
巨蚁环球,0,0,0,0,0,0,0,0,0,0,0,0,0,0,0,0,0,0,0,0,0,0,0,1,0,0,0,0,1
钜诚保险,0,0,0,0,0,0,0,0,0,0,0,0,0,1,0,0,0,0,0,0,0,0,0,0,0,0,0,0,1
共享经纪,0,0,0,0,0,0,0,0,0,0,0,0,0,0,0,1,0,0,1,0,0,0,0,0,0,0,0,0,2
众安国际,0,1,0,0,0,0,0,0,0,0,0,0,0,0,0,0,0,0,0,0,0,0,0,0,0,0,0,0,1
合计,8,22,18,20,19,19,5,20,17,35,26,38,13,22,28,31,14,23,35,37,40,28,37,33,50,35,37,43,753

K-APE. 周度签单业绩—同行 (APE),,,,,,,,,,,,,,,,,,,,,,,,,,,,,
📌 sign_yw；排除排期及流失；⭐ 按该表自身合计APE降序,,,,,,,,,,,,,,,,,,,,,,,,,,,,,
KEY ACCOUNT,2026W01,2026W02,2026W03,2026W04,2026W05,2026W06,2026W07,2026W08,2026W09,2026W10,2026W11,2026W12,2026W13,2026W14,2026W15,2026W16,2026W17,2026W18,2026W19,2026W20,2026W21,2026W22,2026W23,2026W24,2026W25,2026W26,2026W27,2026W28,合计
天誉国际,0,0,0,0,0,0,604200,390000,1014000,585000,1681490,4428600,1973940,117000,312000,1023000,9630590,1359100,4363000,2301000,4442460,1894800,1560000,6622800,1955419,3679788,873600,819000,51630787
天誉国际(MGA),0,0,0,0,0,78000,0,936000,93990,468000,0,1143472,195000,624000,2872896,1621350,1670278,0,1219000,2904330,6162780,1101750,1726335,2964000,3969000,4274400,4313496,5007000,43345077
唯思,156000,234000,1108504,991500,3978000,1115400,0,471600,156000,390000,1115400,2800200,80000,273000,2040561,994320,1209000,456000,279053,435770,2232000,2138640,312000,1452000,4626000,518560,239400,702000,30504908
紫荆保险,0,1161600,819000,1287000,3020400,441000,1155000,897000,858000,639600,2106000,3260940,1221000,1404000,390000,2106000,570000,2340000,1170000,1025520,2130000,897300,780000,263526,390000,0,0,117000,30449886
万森保险,0,16255,390000,450300,1443000,234000,399000,273000,0,3666000,551340,3308700,0,1367700,1473000,1058100,0,171000,218400,858000,2224669,228000,1242000,702000,1533000,780000,1536000,0,24123464
堡盛国际,1014000,234000,1657500,1771000,585000,546000,101400,273000,0,624000,2364600,948000,1245000,0,234000,0,0,0,0,1139400,912600,1258800,1065000,0,2032500,546000,234000,0,18785800
企鹅保险,0,456000,627000,1003500,1841100,1248000,390000,789000,0,1857540,195000,420000,1157400,1026000,292500,0,0,0,0,0,798000,0,672300,456000,2605200,551400,0,228000,16613940
中天家办,0,0,0,0,0,0,0,411609,0,0,0,1077000,234000,0,0,1560000,0,39000,18158,726000,780000,234000,780000,315600,1777890,0,466960,2398110,10818327
万城保险,0,0,0,0,0,0,0,0,0,0,0,1170000,0,0,375300,585000,1509300,1638000,3433923,0,0,0,99052,0,507000,78000,0,234000,9629575
臻略财富,0,0,234000,390000,508560,627000,0,0,0,0,0,0,0,0,0,0,0,0,0,0,0,0,468000,2475000,234000,117000,0,476100,5529660
利泰丰,0,0,0,98311,0,0,0,0,0,0,0,482577,0,0,0,0,0,0,873568,230724,0,0,0,0,0,0,0,0,1685180
德方集团,0,780000,0,0,0,0,0,0,0,0,780000,0,0,0,0,0,0,0,0,0,0,0,0,0,0,0,0,0,1560000
富仕德,0,0,0,0,0,0,0,0,0,0,0,0,0,0,0,456000,0,0,0,456000,0,0,0,239400,195000,20104,0,0,1366504
太富,0,798000,0,0,0,0,0,0,0,0,0,0,0,0,0,0,0,0,0,0,0,0,0,0,0,0,0,0,798000
裕承资产,0,0,0,0,0,0,0,0,0,0,0,0,0,0,0,0,156000,0,0,0,0,0,0,0,0,0,0,570000,726000
龙腾财富,0,0,390000,0,0,0,0,0,0,0,0,0,0,0,0,0,0,0,171000,0,0,0,0,0,0,156000,0,0,717000
动力势能,0,0,0,0,0,0,0,0,0,0,0,0,0,0,0,0,0,0,0,0,0,570000,0,0,0,0,0,0,570000
巨蚁环球,0,0,0,0,0,0,0,0,0,0,0,0,0,0,0,0,0,0,0,0,0,0,0,0,390000,0,0,0,390000
钜诚保险,0,0,0,0,0,0,0,0,0,0,0,0,0,156000,0,0,0,0,0,0,0,0,0,0,0,0,0,0,156000
共享经纪,0,0,0,0,0,0,0,0,0,0,0,0,0,0,0,0,0,0,11294,117000,0,0,0,0,0,0,0,0,128294
众安国际,0,0,117000,0,0,0,0,0,0,0,0,0,0,0,0,0,0,0,0,0,0,0,0,0,0,0,0,0,117000
合计,1170000,3679855,5343004,5991611,11376060,4289400,2649600,4441209,2121990,8230140,8793830,19039489,6106340,4967700,7990257,9403770,14745168,6003100,11757396,10193744,19682509,8323290,8704687,15490326,20215009,10721252,7663456,10551210,249645402

K-件数. 周度签单业绩—同行 (件数),,,,,,,,,,,,,,,,,,,,,,,,,,,,,
📌 同K-APE；行顺序跟随APE子表,,,,,,,,,,,,,,,,,,,,,,,,,,,,,
KEY ACCOUNT,2026W01,2026W02,2026W03,2026W04,2026W05,2026W06,2026W07,2026W08,2026W09,2026W10,2026W11,2026W12,2026W13,2026W14,2026W15,2026W16,2026W17,2026W18,2026W19,2026W20,2026W21,2026W22,2026W23,2026W24,2026W25,2026W26,2026W27,2026W28,合计
天誉国际,0,0,0,0,0,0,1,1,2,2,7,9,6,1,1,3,8,3,9,4,14,5,4,9,6,9,4,4,112
天誉国际(MGA),0,0,0,0,0,1,0,3,2,2,0,6,2,6,5,7,4,0,7,12,17,5,8,7,12,13,13,13,145
唯思,1,1,6,3,5,4,0,2,1,1,5,5,1,1,8,10,6,1,3,4,6,7,1,4,6,4,1,2,99
紫荆保险,0,5,2,5,6,3,2,4,3,4,6,7,4,1,2,2,1,2,2,5,6,4,1,4,1,0,0,1,83
万森保险,0,1,2,3,4,1,1,2,0,6,3,9,0,3,3,4,0,1,2,4,4,1,3,2,6,1,4,0,70
堡盛国际,2,1,4,4,1,2,1,1,0,2,5,3,3,0,1,0,0,0,0,2,4,3,2,0,6,2,1,0,50
企鹅保险,0,1,2,4,6,3,1,6,0,11,2,2,3,1,1,0,0,0,0,0,2,0,4,1,5,2,0,1,58
中天家办,0,0,0,0,0,0,0,2,0,0,0,3,1,0,0,2,0,1,1,3,1,1,1,2,6,0,4,3,31
万城保险,0,0,0,0,0,0,0,0,0,0,0,1,0,0,3,1,2,4,2,0,0,0,1,0,2,1,0,1,18
臻略财富,0,0,1,1,2,3,0,0,0,0,0,0,0,0,0,0,0,0,0,0,0,0,2,4,1,1,0,3,18
利泰丰,0,0,0,2,0,0,0,0,0,0,0,2,0,0,0,0,0,0,4,3,0,0,0,0,0,0,0,0,11
德方集团,0,1,0,0,0,0,0,0,0,0,1,0,0,0,0,0,0,0,0,0,0,0,0,0,0,0,0,0,2
富仕德,0,0,0,0,0,0,0,0,0,0,0,0,0,0,0,1,0,0,0,1,0,0,0,1,1,2,0,0,6
太富,0,1,0,0,0,0,0,0,0,0,0,0,0,0,0,0,0,0,0,0,0,0,0,0,0,0,0,0,1
裕承资产,0,0,0,0,0,0,0,0,0,0,0,0,0,0,0,0,1,0,0,0,0,0,0,0,0,0,0,1,2
龙腾财富,0,0,1,0,0,0,0,0,0,0,0,0,0,0,0,0,0,0,1,0,0,0,0,0,0,2,0,0,4
动力势能,0,0,0,0,0,0,0,0,0,0,0,0,0,0,0,0,0,0,0,0,0,1,0,0,0,0,0,0,1
巨蚁环球,0,0,0,0,0,0,0,0,0,0,0,0,0,0,0,0,0,0,0,0,0,0,0,0,1,0,0,0,1
钜诚保险,0,0,0,0,0,0,0,0,0,0,0,0,0,1,0,0,0,0,0,0,0,0,0,0,0,0,0,0,1
共享经纪,0,0,0,0,0,0,0,0,0,0,0,0,0,0,0,0,0,0,1,1,0,0,0,0,0,0,0,0,2
众安国际,0,0,1,0,0,0,0,0,0,0,0,0,0,0,0,0,0,0,0,0,0,0,0,0,0,0,0,0,1
合计,3,11,19,22,24,17,6,21,8,28,29,47,20,14,24,30,22,12,32,39,54,27,27,34,53,37,27,29,716

L-APE. 周度批核业绩—同行 (APE),,,,,,,,,,,,,,,,,,,,,,,,,,,,,
📌 issue_yw；仅生效；⭐ 按该表自身合计APE降序,,,,,,,,,,,,,,,,,,,,,,,,,,,,,
KEY ACCOUNT,2026W01,2026W02,2026W03,2026W04,2026W05,2026W06,2026W07,2026W08,2026W09,2026W10,2026W11,2026W12,2026W13,2026W14,2026W15,2026W16,2026W17,2026W18,2026W19,2026W20,2026W21,2026W22,2026W23,2026W24,2026W25,2026W26,2026W27,2026W28,合计
天誉国际,0,0,0,0,0,0,0,0,0,799200,780000,0,1263600,390000,2080430,1626000,2568000,781650,9724040,1960000,4486000,663000,2182560,1879200,6244500,2379000,1447800,1443000,42697980
唯思,3136743,3728400,5724295,2061000,1206000,390000,3354000,624000,448500,569400,0,406504,2445000,860000,170964,1669200,686400,2379000,169197,509816,1096006,459170,1744368,755664,2514000,618000,1507800,156000,39389427
紫荆保险,2214300,1320000,4813140,725400,1978320,1377100,507000,2123400,936000,1233000,429000,585000,2145000,585000,2843940,234000,2535000,0,0,3690000,390000,519000,462840,870480,741000,1332383,315642,0,34905945
利泰丰,0,27143998,0,0,0,98311,0,0,0,0,0,0,0,0,468000,14577,0,0,0,93568,0,0,0,0,0,0,0,0,27818454
堡盛国际,2698800,3525600,3645000,358800,3174000,1307500,546000,608400,273000,273000,234000,0,960600,285000,2364000,1053000,519000,0,0,0,312000,570000,1349400,312000,0,951600,551400,1311000,27183100
万森保险,1404000,195000,1458600,312000,558000,1741555,0,702000,117000,585000,897000,0,1374000,441000,5444400,1287000,142500,0,590340,2169600,23400,430669,546000,1554000,0,1209000,2190000,546000,25918064
天誉国际(MGA),0,0,0,0,0,0,0,0,0,0,789750,84240,624000,351000,390000,58500,1429896,843300,338428,1288000,1560000,2312730,1413750,78000,3806400,1189500,2375100,445335,19377929
企鹅保险,1046700,1021200,456000,91200,1163400,277500,112500,2417400,826200,479400,271800,1017600,1304940,473400,1657800,390000,1026000,292500,0,0,0,0,0,140400,0,1808400,2290200,292500,18857040
宏鑫资产,780000,0,0,11700000,0,0,0,0,0,0,0,0,0,0,0,0,0,0,0,0,0,0,0,0,0,0,0,0,12480000
万城保险,0,0,0,0,0,0,0,0,0,0,0,0,0,1170000,0,699000,195000,0,66300,0,1170000,729300,0,0,897000,0,3420000,0,8346600
中天家办,0,1596000,0,0,0,0,0,0,0,411609,0,0,0,234000,117000,960000,1170000,429000,0,285000,441000,0,0,0,954158,234000,390000,939600,8161367
臻略财富,0,0,0,234000,0,0,0,508560,570000,57000,0,0,780000,0,0,0,0,390000,0,0,0,0,0,390000,0,195000,117000,1032000,4273560
德方集团,234000,546000,0,0,0,0,780000,0,0,0,0,0,780000,0,0,0,0,0,0,0,0,0,0,0,0,0,0,0,2340000
晋誉财富,0,702000,390000,788455,0,0,0,0,0,0,0,0,0,0,0,0,0,0,0,0,0,0,0,0,0,0,0,0,1880455
卓樾会,1257000,390000,0,0,0,0,0,0,0,0,0,0,0,0,0,0,0,0,0,0,0,0,0,0,0,0,0,0,1647000
龙腾财富,885300,0,0,0,390000,0,0,0,0,0,0,0,0,0,0,0,0,0,0,171000,0,0,0,0,0,0,0,0,1446300
富仕德,0,0,0,0,0,0,0,0,0,0,0,0,0,0,0,0,0,0,0,0,0,0,912000,0,0,0,239400,0,1151400
太富,0,0,798000,0,0,0,0,0,0,0,0,0,0,0,0,0,0,0,0,0,0,0,0,0,0,0,0,0,798000
动力势能,0,0,0,0,0,0,0,0,0,0,0,0,0,0,0,0,0,0,0,0,0,0,0,0,570000,0,0,0,570000
巨蚁环球,0,0,0,0,0,0,0,0,0,0,0,0,0,0,0,0,0,0,0,0,0,0,0,0,0,0,390000,0,390000
共享经纪,0,156000,0,0,0,0,0,0,0,0,0,0,0,0,0,0,0,0,0,0,117000,0,11294,0,0,0,0,0,284294
钜诚保险,0,0,25080,0,0,0,0,0,0,0,0,0,0,0,0,0,0,0,0,156000,0,0,0,0,0,0,0,0,181080
裕承资产,0,0,0,0,0,0,0,0,0,0,0,0,0,0,0,0,0,0,0,156000,0,0,0,0,0,0,0,0,156000
众安国际,0,0,0,117000,0,0,0,0,0,0,0,0,0,0,0,0,0,0,0,0,0,0,0,0,0,0,0,0,117000
时代保险,0,78000,0,0,0,0,0,0,0,0,0,0,0,0,0,0,0,0,0,0,0,0,0,0,0,0,0,0,78000
香港宜达,0,0,0,0,0,0,0,39815,0,0,0,0,0,0,0,0,0,0,0,0,0,0,0,0,0,0,0,0,39815
合计,13656843,40402198,17310115,16387855,8469720,5191966,5299500,7023575,3170700,4407609,3401550,2093344,11677140,4789400,15536534,7991277,10271796,5115450,10888305,10478984,9595406,5683869,8622212,5979744,15727058,9916883,15234342,6165435,280488810

L-件数. 周度批核业绩—同行 (件数),,,,,,,,,,,,,,,,,,,,,,,,,,,,,
📌 同L-APE；行顺序跟随APE子表,,,,,,,,,,,,,,,,,,,,,,,,,,,,,
KEY ACCOUNT,2026W01,2026W02,2026W03,2026W04,2026W05,2026W06,2026W07,2026W08,2026W09,2026W10,2026W11,2026W12,2026W13,2026W14,2026W15,2026W16,2026W17,2026W18,2026W19,2026W20,2026W21,2026W22,2026W23,2026W24,2026W25,2026W26,2026W27,2026W28,合计
天誉国际,0,0,0,0,0,0,0,0,0,2,1,0,4,1,9,3,5,4,10,3,8,2,5,7,11,5,6,5,91
唯思,13,9,8,4,7,1,2,3,2,2,0,2,10,3,2,5,3,4,2,4,4,3,8,3,6,3,4,2,119
紫荆保险,8,6,9,2,9,7,2,3,4,3,2,1,6,4,6,1,5,0,0,4,1,2,3,3,2,4,2,0,99
利泰丰,0,2,0,0,0,2,0,0,0,0,0,0,0,0,1,1,0,0,0,3,0,0,0,0,0,0,0,0,9
堡盛国际,8,8,9,2,7,4,1,3,1,1,1,0,2,1,5,3,2,0,0,0,1,1,2,1,0,2,2,4,71
万森保险,4,2,5,2,3,4,0,3,1,4,2,0,4,2,8,3,2,0,3,5,1,3,2,3,0,4,7,2,79
天誉国际(MGA),0,0,0,0,0,0,0,0,0,0,4,1,2,1,1,2,3,6,7,3,1,10,7,1,11,7,8,5,80
企鹅保险,6,3,1,1,4,2,1,7,5,2,2,2,10,2,5,1,1,1,0,0,0,0,0,2,0,3,6,1,68
宏鑫资产,1,0,0,2,0,0,0,0,0,0,0,0,0,0,0,0,0,0,0,0,0,0,0,0,0,0,0,0,3
万城保险,0,0,0,0,0,0,0,0,0,0,0,0,0,1,0,2,1,0,1,0,2,1,0,0,3,0,1,0,12
中天家办,0,1,0,0,0,0,0,0,0,2,0,0,0,1,1,2,1,2,0,1,2,0,0,0,3,1,1,2,20
臻略财富,0,0,0,1,0,0,0,2,2,1,0,0,1,0,0,0,0,1,0,0,0,0,0,1,0,2,1,2,14
德方集团,2,2,0,0,0,0,1,0,0,0,0,0,1,0,0,0,0,0,0,0,0,0,0,0,0,0,0,0,6
晋誉财富,0,2,1,3,0,0,0,0,0,0,0,0,0,0,0,0,0,0,0,0,0,0,0,0,0,0,0,0,6
卓樾会,2,1,0,0,0,0,0,0,0,0,0,0,0,0,0,0,0,0,0,0,0,0,0,0,0,0,0,0,3
龙腾财富,2,0,0,0,1,0,0,0,0,0,0,0,0,0,0,0,0,0,0,1,0,0,0,0,0,0,0,0,4
富仕德,0,0,0,0,0,0,0,0,0,0,0,0,0,0,0,0,0,0,0,0,0,0,2,0,0,0,1,0,3
太富,0,0,1,0,0,0,0,0,0,0,0,0,0,0,0,0,0,0,0,0,0,0,0,0,0,0,0,0,1
动力势能,0,0,0,0,0,0,0,0,0,0,0,0,0,0,0,0,0,0,0,0,0,0,0,0,1,0,0,0,1
巨蚁环球,0,0,0,0,0,0,0,0,0,0,0,0,0,0,0,0,0,0,0,0,0,0,0,0,0,0,1,0,1
共享经纪,0,1,0,0,0,0,0,0,0,0,0,0,0,0,0,0,0,0,0,0,1,0,1,0,0,0,0,0,3
钜诚保险,0,0,1,0,0,0,0,0,0,0,0,0,0,0,0,0,0,0,0,1,0,0,0,0,0,0,0,0,2
裕承资产,0,0,0,0,0,0,0,0,0,0,0,0,0,0,0,0,0,0,0,1,0,0,0,0,0,0,0,0,1
众安国际,0,0,0,1,0,0,0,0,0,0,0,0,0,0,0,0,0,0,0,0,0,0,0,0,0,0,0,0,1
时代保险,0,1,0,0,0,0,0,0,0,0,0,0,0,0,0,0,0,0,0,0,0,0,0,0,0,0,0,0,1
香港宜达,0,0,0,0,0,0,0,1,0,0,0,0,0,0,0,0,0,0,0,0,0,0,0,0,0,0,0,0,1
合计,46,38,35,18,31,20,7,22,15,17,12,6,40,16,38,23,23,18,23,26,21,22,30,21,37,31,40,23,699

M-APE. 周度预约业绩—银行 (APE),,,,,,,,,,,,,,,,,,,,,,,,,,,,,
📌 res_yw；排除流失类；⭐ 按该表自身合计APE降序,,,,,,,,,,,,,,,,,,,,,,,,,,,,,
KEY ACCOUNT,2026W01,2026W02,2026W03,2026W04,2026W05,2026W06,2026W07,2026W08,2026W09,2026W10,2026W11,2026W12,2026W13,2026W14,2026W15,2026W16,2026W17,2026W18,2026W19,2026W20,2026W21,2026W22,2026W23,2026W24,2026W25,2026W26,2026W27,2026W28,合计
民生银行,1560000,780000,3120000,1404000,3510000,390000,0,0,1950000,2340000,3510000,2730000,0,2886000,0,1326000,0,390000,1014000,0,2730000,0,1404000,780000,1240200,0,1560000,2730000,37354200
平安银行,780000,2914080,2914080,390000,780000,2683200,0,0,390000,3120000,780000,0,0,2340000,390000,390000,1170000,0,0,780000,780000,1170000,1950000,0,2730000,780000,3900000,0,31131360
合计,2340000,3694080,6034080,1794000,4290000,3073200,0,0,2340000,5460000,4290000,2730000,0,5226000,390000,1716000,1170000,390000,1014000,780000,3510000,1170000,3354000,780000,3970200,780000,5460000,2730000,68485560

M-件数. 周度预约业绩—银行 (件数),,,,,,,,,,,,,,,,,,,,,,,,,,,,,
📌 同M-APE；行顺序跟随APE子表,,,,,,,,,,,,,,,,,,,,,,,,,,,,,
KEY ACCOUNT,2026W01,2026W02,2026W03,2026W04,2026W05,2026W06,2026W07,2026W08,2026W09,2026W10,2026W11,2026W12,2026W13,2026W14,2026W15,2026W16,2026W17,2026W18,2026W19,2026W20,2026W21,2026W22,2026W23,2026W24,2026W25,2026W26,2026W27,2026W28,合计
民生银行,2,2,4,3,5,1,0,0,4,3,7,5,0,6,0,3,0,1,2,0,4,0,4,2,4,0,3,4,69
平安银行,1,2,2,1,1,1,0,0,1,1,1,0,0,1,1,1,1,0,0,1,1,1,3,0,3,1,6,0,31
合计,3,4,6,4,6,2,0,0,5,4,8,5,0,7,1,4,1,1,2,1,5,1,7,2,7,1,9,4,100

N-APE. 周度签单业绩—银行 (APE),,,,,,,,,,,,,,,,,,,,,,,,,,,,,
📌 sign_yw；排除排期及流失；⭐ 按该表自身合计APE降序,,,,,,,,,,,,,,,,,,,,,,,,,,,,,
KEY ACCOUNT,2026W01,2026W02,2026W03,2026W04,2026W05,2026W06,2026W07,2026W08,2026W09,2026W10,2026W11,2026W12,2026W13,2026W14,2026W15,2026W16,2026W17,2026W18,2026W19,2026W20,2026W21,2026W22,2026W23,2026W24,2026W25,2026W26,2026W27,2026W28,合计
民生银行,0,1560000,2340000,2340000,1404000,3120000,390000,0,1170000,1950000,1170000,2730000,2730000,156000,1950000,1560000,546000,780000,1170000,234000,1560000,1170000,1014000,1170000,460200,780000,0,4290000,37744200
平安银行,780000,2134080,2914080,390000,780000,2683200,0,0,780000,0,3510000,0,780000,0,2340000,390000,0,1560000,0,780000,780000,0,1950000,1170000,2730000,2340000,2340000,0,31131360
合计,780000,3694080,5254080,2730000,2184000,5803200,390000,0,1950000,1950000,4680000,2730000,3510000,156000,4290000,1950000,546000,2340000,1170000,1014000,2340000,1170000,2964000,2340000,3190200,3120000,2340000,4290000,68875560

N-件数. 周度签单业绩—银行 (件数),,,,,,,,,,,,,,,,,,,,,,,,,,,,,
📌 同N-APE；行顺序跟随APE子表,,,,,,,,,,,,,,,,,,,,,,,,,,,,,
KEY ACCOUNT,2026W01,2026W02,2026W03,2026W04,2026W05,2026W06,2026W07,2026W08,2026W09,2026W10,2026W11,2026W12,2026W13,2026W14,2026W15,2026W16,2026W17,2026W18,2026W19,2026W20,2026W21,2026W22,2026W23,2026W24,2026W25,2026W26,2026W27,2026W28,合计
民生银行,0,2,3,5,3,4,1,0,3,2,2,5,5,1,3,3,2,2,2,1,1,3,3,3,2,2,0,7,70
平安银行,1,1,2,1,1,1,0,0,1,0,2,0,1,0,1,1,0,2,0,1,1,0,3,1,3,4,3,0,31
合计,1,3,5,6,4,5,1,0,4,2,4,5,6,1,4,4,2,4,2,2,2,3,6,4,5,6,3,7,101

O-APE. 周度批核业绩—银行 (APE),,,,,,,,,,,,,,,,,,,,,,,,,,,,,
📌 issue_yw；仅生效；⭐ 按该表自身合计APE降序,,,,,,,,,,,,,,,,,,,,,,,,,,,,,
KEY ACCOUNT,2026W01,2026W02,2026W03,2026W04,2026W05,2026W06,2026W07,2026W08,2026W09,2026W10,2026W11,2026W12,2026W13,2026W14,2026W15,2026W16,2026W17,2026W18,2026W19,2026W20,2026W21,2026W22,2026W23,2026W24,2026W25,2026W26,2026W27,2026W28,合计
民生银行,1950000,3361800,5694000,1794000,15990000,19968000,1950000,46878000,5600400,3900000,28158000,5070000,2184000,3510000,6864000,11778000,3120000,1170000,955560,1950000,10608000,0,780000,780000,1638000,312000,1560000,0,187523760
平安银行,0,0,2340000,0,1170000,7984080,0,0,4817280,780000,7800000,780000,0,780000,780000,0,0,780000,2340000,390000,3510000,1560000,0,0,1170000,0,0,0,36981360
合计,1950000,3361800,8034000,1794000,17160000,27952080,1950000,46878000,10417680,4680000,35958000,5850000,2184000,4290000,7644000,11778000,3120000,1950000,3295560,2340000,14118000,1560000,780000,780000,2808000,312000,1560000,0,224505120

O-件数. 周度批核业绩—银行 (件数),,,,,,,,,,,,,,,,,,,,,,,,,,,,,
📌 同O-APE；行顺序跟随APE子表,,,,,,,,,,,,,,,,,,,,,,,,,,,,,
KEY ACCOUNT,2026W01,2026W02,2026W03,2026W04,2026W05,2026W06,2026W07,2026W08,2026W09,2026W10,2026W11,2026W12,2026W13,2026W14,2026W15,2026W16,2026W17,2026W18,2026W19,2026W20,2026W21,2026W22,2026W23,2026W24,2026W25,2026W26,2026W27,2026W28,合计
民生银行,3,5,10,5,12,17,2,30,6,6,18,4,4,3,9,12,3,2,4,2,3,0,2,1,4,2,3,0,172
平安银行,0,0,1,0,2,4,0,0,2,1,1,1,0,1,1,0,0,1,1,1,2,2,0,0,2,0,0,0,23
合计,3,5,11,5,14,21,2,30,8,7,19,5,4,4,10,12,3,3,5,3,5,2,2,1,6,2,3,0,195

